date,diary,articles
2024-04-11,The Daily News,78
2024-04-11,Global Times,105
2024-04-11,Morning Star,82
2024-04-12,The Daily News,106
2024-04-12,Global Times,78
2024-04-12,Morning Star,113
2024-04-13,The Daily News,94
2024-04-13,Global Times,81
2024-04-13,Morning Star,82
2024-04-14,The Daily News,90
2024-04-14,Global Times,102
2024-04-14,Morning Star,98
2024-04-15,The Daily News,93
2024-04-15,Global Times,91
2024-04-15,Morning Star,81
2024-04-16,The Daily News,103
2024-04-16,Global Times,101
2024-04-16,Morning Star,83
2024-04-17,The Daily News,115
2024-04-17,Global Times,102
2024-04-17,Morning Star,110
2024-04-18,The Daily News,92
2024-04-18,Global Times,116
2024-04-18,Morning Star,74
2024-04-19,The Daily News,105
2024-04-19,Global Times,84
2024-04-19,Morning Star,103
2024-04-20,The Daily News,96
2024-04-20,Global Times,109
2024-04-20,Morning Star,116
2024-04-21,The Daily News,74
2024-04-21,Global Times,111
2024-04-21,Morning Star,82
2024-04-22,The Daily News,114
2024-04-22,Global Times,94
2024-04-22,Morning Star,113
2024-04-23,The Daily News,81
2024-04-23,Global Times,82
2024-04-23,Morning Star,72
2024-04-24,The Daily News,109
2024-04-24,Global Times,94
2024-04-24,Morning Star,104
2024-04-25,The Daily News,113
2024-04-25,Global Times,105
2024-04-25,Morning Star,103
2024-04-26,The Daily News,75
2024-04-26,Global Times,79
2024-04-26,Morning Star,96
2024-04-27,The Daily News,96
2024-04-27,Global Times,88
2024-04-27,Morning Star,81
2024-04-28,The Daily News,117
2024-04-28,Global Times,105
2024-04-28,Morning Star,96
2024-04-29,The Daily News,113
2024-04-29,Global Times,82
2024-04-29,Morning Star,83
2024-04-30,The Daily News,98
2024-04-30,Global Times,84
2024-04-30,Morning Star,70
2024-05-01,The Daily News,109
2024-05-01,Global Times,79
2024-05-01,Morning Star,113
2024-05-02,The Daily News,104
2024-05-02,Global Times,116
2024-05-02,Morning Star,80
2024-05-03,The Daily News,108
2024-05-03,Global Times,72
2024-05-03,Morning Star,102
2024-05-04,The Daily News,114
2024-05-04,Global Times,118
2024-05-04,Morning Star,86
2024-05-05,The Daily News,108
2024-05-05,Global Times,94
2024-05-05,Morning Star,81
2024-05-06,The Daily News,113
2024-05-06,Global Times,88
2024-05-06,Morning Star,77
2024-05-07,The Daily News,110
2024-05-07,Global Times,86
2024-05-07,Morning Star,90
2024-05-08,The Daily News,78
2024-05-08,Global Times,95
2024-05-08,Morning Star,90
2024-05-09,The Daily News,80
2024-05-09,Global Times,74
2024-05-09,Morning Star,78
2024-05-10,The Daily News,114
2024-05-10,Global Times,96
2024-05-10,Morning Star,79
2024-05-11,The Daily News,74
2024-05-11,Global Times,117
2024-05-11,Morning Star,73
2024-05-12,The Daily News,75
2024-05-12,Global Times,73
2024-05-12,Morning Star,109
2024-05-13,The Daily News,91
2024-05-13,Global Times,100
2024-05-13,Morning Star,82
2024-05-14,The Daily News,86
2024-05-14,Global Times,100
2024-05-14,Morning Star,100
2024-05-15,The Daily News,76
2024-05-15,Global Times,93
2024-05-15,Morning Star,120
2024-05-16,The Daily News,111
2024-05-16,Global Times,81
2024-05-16,Morning Star,70
2024-05-17,The Daily News,118
2024-05-17,Global Times,106
2024-05-17,Morning Star,79
2024-05-18,The Daily News,79
2024-05-18,Global Times,93
2024-05-18,Morning Star,72
2024-05-19,The Daily News,101
2024-05-19,Global Times,116
2024-05-19,Morning Star,89
2024-05-20,The Daily News,95
2024-05-20,Global Times,80
2024-05-20,Morning Star,92
2024-05-21,The Daily News,96
2024-05-21,Global Times,89
2024-05-21,Morning Star,83
2024-05-22,The Daily News,103
2024-05-22,Global Times,70
2024-05-22,Morning Star,81
2024-05-23,The Daily News,98
2024-05-23,Global Times,120
2024-05-23,Morning Star,88
2024-05-24,The Daily News,81
2024-05-24,Global Times,82
2024-05-24,Morning Star,76
2024-05-25,The Daily News,114
2024-05-25,Global Times,118
2024-05-25,Morning Star,73
2024-05-26,The Daily News,118
2024-05-26,Global Times,86
2024-05-26,Morning Star,112
2024-05-27,The Daily News,71
2024-05-27,Global Times,99
2024-05-27,Morning Star,82
2024-05-28,The Daily News,96
2024-05-28,Global Times,106
2024-05-28,Morning Star,108
2024-05-29,The Daily News,92
2024-05-29,Global Times,84
2024-05-29,Morning Star,75
2024-05-30,The Daily News,117
2024-05-30,Global Times,70
2024-05-30,Morning Star,90
2024-05-31,The Daily News,75
2024-05-31,Global Times,86
2024-05-31,Morning Star,83
2024-06-01,The Daily News,91
2024-06-01,Global Times,87
2024-06-01,Morning Star,74
2024-06-02,The Daily News,83
2024-06-02,Global Times,81
2024-06-02,Morning Star,80
2024-06-03,The Daily News,84
2024-06-03,Global Times,70
2024-06-03,Morning Star,70
2024-06-04,The Daily News,75
2024-06-04,Global Times,117
2024-06-04,Morning Star,111
2024-06-05,The Daily News,81
2024-06-05,Global Times,109
2024-06-05,Morning Star,102
2024-06-06,The Daily News,110
2024-06-06,Global Times,99
2024-06-06,Morning Star,116
2024-06-07,The Daily News,78
2024-06-07,Global Times,96
2024-06-07,Morning Star,88
2024-06-08,The Daily News,107
2024-06-08,Global Times,75
2024-06-08,Morning Star,89
2024-06-09,The Daily News,74
2024-06-09,Global Times,119
2024-06-09,Morning Star,76
2024-06-10,The Daily News,83
2024-06-10,Global Times,86
2024-06-10,Morning Star,73
2024-06-11,The Daily News,99
2024-06-11,Global Times,114
2024-06-11,Morning Star,114
2024-06-12,The Daily News,104
2024-06-12,Global Times,108
2024-06-12,Morning Star,72
2024-06-13,The Daily News,72
2024-06-13,Global Times,101
2024-06-13,Morning Star,93
2024-06-14,The Daily News,102
2024-06-14,Global Times,114
2024-06-14,Morning Star,87
2024-06-15,The Daily News,106
2024-06-15,Global Times,120
2024-06-15,Morning Star,88
2024-06-16,The Daily News,79
2024-06-16,Global Times,119
2024-06-16,Morning Star,88
2024-06-17,The Daily News,120
2024-06-17,Global Times,85
2024-06-17,Morning Star,118
2024-06-18,The Daily News,101
2024-06-18,Global Times,114
2024-06-18,Morning Star,120
2024-06-19,The Daily News,75
2024-06-19,Global Times,103
2024-06-19,Morning Star,107
2024-06-20,The Daily News,70
2024-06-20,Global Times,93
2024-06-20,Morning Star,86
2024-06-21,The Daily News,76
2024-06-21,Global Times,120
2024-06-21,Morning Star,81
2024-06-22,The Daily News,81
2024-06-22,Global Times,106
2024-06-22,Morning Star,74
2024-06-23,The Daily News,70
2024-06-23,Global Times,72
2024-06-23,Morning Star,109
2024-06-24,The Daily News,106
2024-06-24,Global Times,70
2024-06-24,Morning Star,115
2024-06-25,The Daily News,92
2024-06-25,Global Times,108
2024-06-25,Morning Star,107
2024-06-26,The Daily News,97
2024-06-26,Global Times,101
2024-06-26,Morning Star,84
2024-06-27,The Daily News,81
2024-06-27,Global Times,120
2024-06-27,Morning Star,78
2024-06-28,The Daily News,76
2024-06-28,Global Times,119
2024-06-28,Morning Star,110
2024-06-29,The Daily News,116
2024-06-29,Global Times,107
2024-06-29,Morning Star,80
2024-06-30,The Daily News,90
2024-06-30,Global Times,83
2024-06-30,Morning Star,82
2024-07-01,The Daily News,111
2024-07-01,Global Times,113
2024-07-01,Morning Star,84
2024-07-02,The Daily News,79
2024-07-02,Global Times,116
2024-07-02,Morning Star,91
2024-07-03,The Daily News,114
2024-07-03,Global Times,104
2024-07-03,Morning Star,101
2024-07-04,The Daily News,75
2024-07-04,Global Times,112
2024-07-04,Morning Star,115
2024-07-05,The Daily News,74
2024-07-05,Global Times,91
2024-07-05,Morning Star,98
2024-07-06,The Daily News,87
2024-07-06,Global Times,87
2024-07-06,Morning Star,116
2024-07-07,The Daily News,74
2024-07-07,Global Times,82
2024-07-07,Morning Star,91
2024-07-08,The Daily News,109
2024-07-08,Global Times,99
2024-07-08,Morning Star,119
2024-07-09,The Daily News,117
2024-07-09,Global Times,92
2024-07-09,Morning Star,119
2024-07-10,The Daily News,113
2024-07-10,Global Times,117
2024-07-10,Morning Star,111
2024-07-11,The Daily News,109
2024-07-11,Global Times,80
2024-07-11,Morning Star,90
2024-07-12,The Daily News,89
2024-07-12,Global Times,102
2024-07-12,Morning Star,93
2024-07-13,The Daily News,111
2024-07-13,Global Times,76
2024-07-13,Morning Star,86
2024-07-14,The Daily News,97
2024-07-14,Global Times,87
2024-07-14,Morning Star,116
2024-07-15,The Daily News,110
2024-07-15,Global Times,73
2024-07-15,Morning Star,77
2024-07-16,The Daily News,91
2024-07-16,Global Times,78
2024-07-16,Morning Star,86
2024-07-17,The Daily News,79
2024-07-17,Global Times,114
2024-07-17,Morning Star,119
2024-07-18,The Daily News,93
2024-07-18,Global Times,118
2024-07-18,Morning Star,108
2024-07-19,The Daily News,76
2024-07-19,Global Times,85
2024-07-19,Morning Star,85
2024-07-20,The Daily News,78
2024-07-20,Global Times,111
2024-07-20,Morning Star,75
2024-07-21,The Daily News,110
2024-07-21,Global Times,114
2024-07-21,Morning Star,119
2024-07-22,The Daily News,112
2024-07-22,Global Times,81
2024-07-22,Morning Star,86
2024-07-23,The Daily News,114
2024-07-23,Global Times,112
2024-07-23,Morning Star,84
2024-07-24,The Daily News,94
2024-07-24,Global Times,91
2024-07-24,Morning Star,90
2024-07-25,The Daily News,105
2024-07-25,Global Times,87
2024-07-25,Morning Star,84
2024-07-26,The Daily News,76
2024-07-26,Global Times,88
2024-07-26,Morning Star,71
2024-07-27,The Daily News,70
2024-07-27,Global Times,94
2024-07-27,Morning Star,70
2024-07-28,The Daily News,80
2024-07-28,Global Times,95
2024-07-28,Morning Star,81
2024-07-29,The Daily News,95
2024-07-29,Global Times,105
2024-07-29,Morning Star,109
2024-07-30,The Daily News,80
2024-07-30,Global Times,114
2024-07-30,Morning Star,81
2024-07-31,The Daily News,93
2024-07-31,Global Times,91
2024-07-31,Morning Star,78
2024-08-01,The Daily News,74
2024-08-01,Global Times,103
2024-08-01,Morning Star,71
2024-08-02,The Daily News,110
2024-08-02,Global Times,94
2024-08-02,Morning Star,78
2024-08-03,The Daily News,90
2024-08-03,Global Times,104
2024-08-03,Morning Star,83
2024-08-04,The Daily News,88
2024-08-04,Global Times,101
2024-08-04,Morning Star,106
2024-08-05,The Daily News,89
2024-08-05,Global Times,82
2024-08-05,Morning Star,117
2024-08-06,The Daily News,89
2024-08-06,Global Times,105
2024-08-06,Morning Star,76
2024-08-07,The Daily News,112
2024-08-07,Global Times,101
2024-08-07,Morning Star,91
2024-08-08,The Daily News,76
2024-08-08,Global Times,95
2024-08-08,Morning Star,92
2024-08-09,The Daily News,79
2024-08-09,Global Times,97
2024-08-09,Morning Star,77
2024-08-10,The Daily News,82
2024-08-10,Global Times,75
2024-08-10,Morning Star,71
2024-08-11,The Daily News,107
2024-08-11,Global Times,114
2024-08-11,Morning Star,102
2024-08-12,The Daily News,95
2024-08-12,Global Times,76
2024-08-12,Morning Star,107
2024-08-13,The Daily News,106
2024-08-13,Global Times,82
2024-08-13,Morning Star,78
2024-08-14,The Daily News,115
2024-08-14,Global Times,112
2024-08-14,Morning Star,78
2024-08-15,The Daily News,92
2024-08-15,Global Times,71
2024-08-15,Morning Star,82
2024-08-16,The Daily News,86
2024-08-16,Global Times,82
2024-08-16,Morning Star,95
2024-08-17,The Daily News,119
2024-08-17,Global Times,76
2024-08-17,Morning Star,70
2024-08-18,The Daily News,111
2024-08-18,Global Times,96
2024-08-18,Morning Star,82
2024-08-19,The Daily News,78
2024-08-19,Global Times,81
2024-08-19,Morning Star,83
2024-08-20,The Daily News,86
2024-08-20,Global Times,79
2024-08-20,Morning Star,120
2024-08-21,The Daily News,116
2024-08-21,Global Times,94
2024-08-21,Morning Star,111
2024-08-22,The Daily News,115
2024-08-22,Global Times,71
2024-08-22,Morning Star,108
2024-08-23,The Daily News,84
2024-08-23,Global Times,79
2024-08-23,Morning Star,70
2024-08-24,The Daily News,98
2024-08-24,Global Times,103
2024-08-24,Morning Star,111
2024-08-25,The Daily News,73
2024-08-25,Global Times,113
2024-08-25,Morning Star,105
2024-08-26,The Daily News,117
2024-08-26,Global Times,96
2024-08-26,Morning Star,85
2024-08-27,The Daily News,71
2024-08-27,Global Times,110
2024-08-27,Morning Star,82
2024-08-28,The Daily News,97
2024-08-28,Global Times,87
2024-08-28,Morning Star,111
2024-08-29,The Daily News,92
2024-08-29,Global Times,120
2024-08-29,Morning Star,96
2024-08-30,The Daily News,81
2024-08-30,Global Times,106
2024-08-30,Morning Star,75
2024-08-31,The Daily News,108
2024-08-31,Global Times,101
2024-08-31,Morning Star,70
2024-09-01,The Daily News,100
2024-09-01,Global Times,119
2024-09-01,Morning Star,102
2024-09-02,The Daily News,99
2024-09-02,Global Times,103
2024-09-02,Morning Star,88
2024-09-03,The Daily News,116
2024-09-03,Global Times,75
2024-09-03,Morning Star,107
2024-09-04,The Daily News,120
2024-09-04,Global Times,100
2024-09-04,Morning Star,107
2024-09-05,The Daily News,116
2024-09-05,Global Times,86
2024-09-05,Morning Star,97
2024-09-06,The Daily News,86
2024-09-06,Global Times,118
2024-09-06,Morning Star,83
2024-09-07,The Daily News,113
2024-09-07,Global Times,73
2024-09-07,Morning Star,77
2024-09-08,The Daily News,70
2024-09-08,Global Times,90
2024-09-08,Morning Star,82
2024-09-09,The Daily News,80
2024-09-09,Global Times,108
2024-09-09,Morning Star,108
2024-09-10,The Daily News,98
2024-09-10,Global Times,91
2024-09-10,Morning Star,74
2024-09-11,The Daily News,84
2024-09-11,Global Times,86
2024-09-11,Morning Star,118
2024-09-12,The Daily News,103
2024-09-12,Global Times,115
2024-09-12,Morning Star,118
2024-09-13,The Daily News,107
2024-09-13,Global Times,103
2024-09-13,Morning Star,106
2024-09-14,The Daily News,88
2024-09-14,Global Times,120
2024-09-14,Morning Star,92
2024-09-15,The Daily News,101
2024-09-15,Global Times,107
2024-09-15,Morning Star,94
2024-09-16,The Daily News,98
2024-09-16,Global Times,87
2024-09-16,Morning Star,101
2024-09-17,The Daily News,82
2024-09-17,Global Times,92
2024-09-17,Morning Star,85
2024-09-18,The Daily News,120
2024-09-18,Global Times,75
2024-09-18,Morning Star,108
2024-09-19,The Daily News,95
2024-09-19,Global Times,120
2024-09-19,Morning Star,106
2024-09-20,The Daily News,71
2024-09-20,Global Times,106
2024-09-20,Morning Star,103
2024-09-21,The Daily News,76
2024-09-21,Global Times,93
2024-09-21,Morning Star,95
2024-09-22,The Daily News,94
2024-09-22,Global Times,78
2024-09-22,Morning Star,81
2024-09-23,The Daily News,73
2024-09-23,Global Times,92
2024-09-23,Morning Star,71
2024-09-24,The Daily News,87
2024-09-24,Global Times,77
2024-09-24,Morning Star,99
2024-09-25,The Daily News,105
2024-09-25,Global Times,71
2024-09-25,Morning Star,95
2024-09-26,The Daily News,113
2024-09-26,Global Times,71
2024-09-26,Morning Star,99
2024-09-27,The Daily News,100
2024-09-27,Global Times,101
2024-09-27,Morning Star,88
2024-09-28,The Daily News,101
2024-09-28,Global Times,88
2024-09-28,Morning Star,89
2024-09-29,The Daily News,108
2024-09-29,Global Times,118
2024-09-29,Morning Star,87
2024-09-30,The Daily News,98
2024-09-30,Global Times,104
2024-09-30,Morning Star,99
2024-10-01,The Daily News,99
2024-10-01,Global Times,76
2024-10-01,Morning Star,108
2024-10-02,The Daily News,108
2024-10-02,Global Times,106
2024-10-02,Morning Star,110
2024-10-03,The Daily News,106
2024-10-03,Global Times,108
2024-10-03,Morning Star,71
2024-10-04,The Daily News,75
2024-10-04,Global Times,90
2024-10-04,Morning Star,111
2024-10-05,The Daily News,85
2024-10-05,Global Times,96
2024-10-05,Morning Star,103
2024-10-06,The Daily News,81
2024-10-06,Global Times,82
2024-10-06,Morning Star,97
2024-10-07,The Daily News,109
2024-10-07,Global Times,103
2024-10-07,Morning Star,72
